sku,titre,description,prix,condition,categorie,subcategorie,image_url,stock
,porte-clés 'Femme séduisante 1' porte clé humour / keychain - key holder funny,,0.0,,Autre,,,4
,porte-clés 'Found on internet' porte clé/ keychain - key holder,,0.0,,Autre,,,3
,porte-clés 'Mes enfants' porte clé/ keychain - key holder,,0.0,,Autre,,,2
,porte-clés 'Pour ma soeur' porte clé/ keychain - key holder,,0.0,,Autre,,,1
,Montre pour femme / Women's watch,,0.0,,Autre,,,5
,Montre de poche en quartz 'Grandpa' / Quartz pocket watch 'Grandpa',,0.0,,Autre,,,1
,porte-clés 'Tabarnak' porte clé/ keychain - key holder,,0.0,,Autre,,,2
,porte-clés 'A ma fille' porte clé/ keychain - key holder,,0.0,,Autre,,,2
,porte-clés 'A mon fils' porte clé / keychain - key holder,,0.0,,Autre,,,2
,porte-clés 'Le bonheur' porte clé/ keychain - key holder,,0.0,,Autre,,,1
,Carte de fête-voeux humour / greeting cards funny,,0.0,,Autre,,,1
,Carte de fête-voeux humour / greeting cards funny,,0.0,,Autre,,,1
,Carte de fête-voeux humour / greeting cards funny,,0.0,,Autre,,,1
,Porte-clés 'Merci de m'avoir aidé a grandir' porte clé / keychain,,0.0,,Autre,,,1
,"Vinyl Decals ""No Airbags We Die Like Real Men"" Safety Warning funny sticker",,0.0,,Autre,,,2
,porte-clés 'Sobriety' porte clé/ keychain - key holder,,0.0,,Autre,,,2
,porte-clés 'how strong you are' porte clé/ keychain - key holder,,0.0,,Autre,,,1
,porte-clés 'Little reminder' porte clé/ keychain - key holder,,0.0,,Autre,,,1
,porte-clés 'Drive safe' porte clé/ keychain - key holder,,0.0,,Autre,,,2
,porte-clés 'You are awesome' porte clé/ keychain - key holder,,0.0,,Autre,,,1
,porte-clés 'to my nephew' porte clé/ keychain - key holder,,0.0,,Autre,,,1
,porte-clés 'Easily distracted by rocks' porte clé/ keychain - key holder,,0.0,,Autre,,,1
,porte-clés 'punch people at work' porte clé/ keychain - key holder,,0.0,,Autre,,,1
,porte-clés 'Drive safe handsome' porte clé/ keychain - key holder,,0.0,,Autre,,,1
,porte-clés 'Best farter' porte clé/ keychain - key holder,,0.0,,Autre,,,1
,porte-clés 'you are flamazing' porte clé/ keychain - key holder,,0.0,,Autre,,,1
,porte-clés 'Thank for being my brother' porte clé/ keychain - key holder,,0.0,,Autre,,,1
,porte-clés 'Married the coolest couple' porte clé/ keychain - key holder,,0.0,,Autre,,,1
,porte-clés 'You have my heart and ass' porte clé/ keychain - key holder,,0.0,,Autre,,,2
,Porte-clés 'Autobus',,0.0,,Autre,,,1
,Porte-clés 'Mon endroit préféré',,0.0,,Autre,,,2
,Porte-clés 'Formidable collègue',,0.0,,Autre,,,1
,Porte-clés 'Beau papa',,0.0,,Autre,,,1
,Porte-clés 'I love dad',,0.0,,Autre,,,1
,Porte-clés 'Héros papa',,0.0,,Autre,,,1
,Porte clés 'Fille séduisante modèle 4',,0.0,,Autre,,,1
,Porte-clés 'collègues' modèle 2,,0.0,,Autre,,,1
,Porte-clé 'Papa barbu',,0.0,,Autre,,,1
,Porte-clés 'Patience tested',,0.0,,Autre,,,1
,Porte-clés 'J'espère que tu crois en toi',,0.0,,Autre,,,1
,Porte-clés 'Parrain',,0.0,,Autre,,,1
,Porte clés 'Fille séduisante modèle 3',,0.0,,Autre,,,1
,Porte-clés 'I love you more',,0.0,,Autre,,,1
,Porte-clés 'Collègue un jour',,0.0,,Autre,,,0
,Porte-clés 'Drive safe' modèle 2,,0.0,,Autre,,,1
,Porte-clés 'Unsupervised',,0.0,,Autre,,,1
,Porte-clés ' Distracted by sheep',,0.0,,Autre,,,1
,Porte-clés 'You're an as*****',,0.0,,Autre,,,1
,Porte-clés 'You have my heart',,0.0,,Autre,,,1
,Porte-clés 'Thank you for being my sister',,0.0,,Autre,,,1
,Porte-clés 'N'oublie jamais tu es courageux',,0.0,,Autre,,,2
,POrte-clé 'I f****** love you',,0.0,,Autre,,,1
,Porte-clés 'Licking it',,0.0,,Autre,,,1
,Porte-clés 'To my daugther',,0.0,,Autre,,,1
,Porte-clés 'Punch people at work',,0.0,,Autre,,,1
,Porte-clé 'Just one more rock',,0.0,,Autre,,,1
,Porte-clés 'Je t'aime plus que tout',,0.0,,Autre,,,1
,Porte-clés 'Tu es génial' modèle 2,,0.0,,Autre,,,1
,Porte-clés 'La meilleure c'est ma soeur',,0.0,,Autre,,,2
,Porte-clés 'Une meilleur amie',,0.0,,Autre,,,1
,Porte-clés 'Tu es génial',,0.0,,Autre,,,2
,Porte-clés 'Merci de m'avoir aidé a grandir',,0.0,,Autre,,,2
,Porte clés 'Crazy cat lady',,0.0,,Autre,,,1
,Porte clés 'Fille séduisante modèle 2',,0.0,,Autre,,,2
,Porte clés 'A ma marraine',,0.0,,Autre,,,1
,Porte clés 'Drive Safe',,0.0,,Autre,,,1
,Porte-clés en Acier Inoxydable 'A mon fils',,0.0,,Autre,,,1
,Porte-clés Pour Maman,,0.0,,Autre,,,1
,Porte-clés pour papa,,0.0,,Autre,,,1
,Porte-clés 'Quand je dit je t'aime',,0.0,,Autre,,,2
,Porte-clés pour collègues,,0.0,,Autre,,,1
,Porte-clé 'A ma fille' Style 2,,0.0,,Autre,,,4
,Porte-clés 'A mon fils' style 2,,0.0,,Autre,,,4
,Porte-clés 'A ma Fille',,0.0,,Autre,,,5
,Porte-clés 'A mon fils' style 1,,0.0,,Autre,,,5
,Porte-clés en acier inoxydable,,0.0,,Autre,,,2
,Porte-clés 'Meilleure maman',,0.0,,Autre,,,1
,Porte-clés 'Fait de ton mieux',,0.0,,Autre,,,1
,Porte-clés 'A ma marraine',,0.0,,Autre,,,1
,Porte-clés 'Boobs',,0.0,,Autre,,,1
,Porte-clés 'Friendship',,0.0,,Autre,,,1
,Porte-clés en acier inoxydable 'Aie confiance',,0.0,,Autre,,,1
,Porte-clés 'Raler  c'est mon superpouvoir',,0.0,,Autre,,,1
,Porte-clés en acier inoxydable 'Le bonheur',,0.0,,Autre,,,1
,Porte-clés en acier inoxydable 'J'ai besoin de ton coeur',,0.0,,Autre,,,1
,Porte-clés en acier inoxydable 'Tes bras autour de mon cou',,0.0,,Autre,,,1
,Porte-clés en acier inoxydable 'je t'aime a la folie',,0.0,,Autre,,,1
,Porte-clés pour une amie,,0.0,,Autre,,,1
,Porte-stylo  Donald Trump Gag / Trump Pen Holder,,0.0,,Autre,,,0
,porte-clés 'Bonjour' porte clé/ keychain - key holder,,0.0,,Autre,,,1
,porte-clés 'Tu es génial' porte clé/ keychain - key holder,,0.0,,Autre,,,1
,porte-clés 'I'm yours' porte clé/ keychain - key holder,,0.0,,Autre,,,1
,porte-clés 'Collègue travail' porte clé/ keychain - key holder,,0.0,,Autre,,,1
,porte-clés 'Femme séduisante 2' porte clé/ keychain - key holder,,0.0,,Autre,,,1
,porte-clés 'Femme séduisante 3' porte clé/ keychain - key holder,,0.0,,Autre,,,1
,porte-clés 'La meilleur c'est ma soeur' porte clé/ keychain - key holder,,0.0,,Autre,,,1
,porte-clés 'J'ai la meilleure maman' porte clé/ keychain - key holder,,0.0,,Autre,,,1
,Carte de fête-voeux humour / greeting cards funny,,0.0,,Autre,,,1
,Carte de fête-voeux humour / greeting cards funny,,0.0,,Autre,,,2
,Carte de fête-voeux humour / greeting cards funny,,0.0,,Autre,,,1
,Carte de fête-voeux humour / greeting cards funny,,0.0,,Autre,,,1
,Carte de fête-voeux humour / greeting cards funny Mme Doubtfire,,0.0,,Autre,,,1
,Carte de fête-voeux humour / greeting cards funny,,0.0,,Autre,,,1
,Carte de fête-voeux humour / greeting cards funny,,0.0,,Autre,,,3
,Carte de fête-voeux humour / greeting cards funny,,0.0,,Autre,,,3
,Carte de fête-voeux humour / greeting cards funny,,0.0,,Autre,,,3
,Carte de fête-voeux humour / greeting cards funny,,0.0,,Autre,,,1
,Carte de noël - voeux humour / Christmas Greeting Card Funny,,0.0,,Autre,,,2
,Carte de noël - voeux humour / Christmas Greeting Card Funny,,0.0,,Autre,,,1
,porte-clés 'I'm fine' porte clé/ keychain - key holder,,0.0,,Autre,,,2
,porte-clés 'Quand je dit je t'aime' porte clé/ keychain - key holder,,0.0,,Autre,,,1
,porte-clés 'Je t'aime beaucoup' porte clé/ keychain - key holder,,0.0,,Autre,,,1
,porte-clés 'Tu es génial' porte clé/ keychain - key holder,,0.0,,Autre,,,1
,porte-clés 'with a body like this' porte clé humour/ keychain - key holder funny,,0.0,,Autre,,,1
,Carte de fête-voeux humour Austin Powers / greeting cards funny,,0.0,,Autre,,,3
,Carte de fête-voeux humour / greeting cards funny,,0.0,,Autre,,,1
,Carte de fête-voeux humour / greeting cards funny,,0.0,,Autre,,,0
,Carte de fête-voeux humour / greeting cards funny,,0.0,,Autre,,,1
,Carte de fête-voeux humour / greeting cards funny,,0.0,,Autre,,,1
,Carte de fête-voeux humour / greeting cards funny,,0.0,,Autre,,,1
,Carte de noël - voeux humour / Christmas Greeting Card Funny,,0.0,,Autre,,,1
,Carte de noël - voeux humour / Christmas Greeting Card Funny,,0.0,,Autre,,,1
,Carte de noël - voeux humour / Christmas Greeting Card Funny,,0.0,,Autre,,,1
,Carte de noël - voeux humour / Christmas Greeting Card Funny,,0.0,,Autre,,,1
,Autocollant  Inigo Montoya / Inigo Montoya sticker,,0.0,,Autre,,,2
,Autocollant Scary movie / Scary Movie sticker 'take my strong hand',,0.0,,Autre,,,1
,Autocollant humour / sticker 'will dance for diesel' funny decal,,0.0,,Autre,,,1
,Autocollant / sticker 'No farmer no food' decal,,0.0,,Autre,,,1
,Autocollant humour / sticker 'Got any grapes?' Duck Song funny decal,,0.0,,Autre,,,1
,Autocollant humour garçon urine / sticker boy pee funny decal,,0.0,,Autre,,,1
,Porte crayon Justin Trudeau / Justin Trudeau Bobblehead Pencil Holder Gag,,0.0,,Autre,,,0
