sku,titre,description,prix,condition,categorie,image_url,stock
,porte-clés 'Femme séduisante 1' porte clé humour / keychain - key holder funny,,,,Autre,,4
,porte-clés 'Found on internet' porte clé/ keychain - key holder,,,,Autre,,3
,porte-clés 'Mes enfants' porte clé/ keychain - key holder,,,,Autre,,2
,porte-clés 'Pour ma soeur' porte clé/ keychain - key holder,,,,Autre,,1
,Montre pour femme / Women's watch,,,,Autre,,5
,Montre de poche en quartz 'Grandpa' / Quartz pocket watch 'Grandpa',,,,Autre,,1
,porte-clés 'Tabarnak' porte clé/ keychain - key holder,,,,Autre,,2
,porte-clés 'A ma fille' porte clé/ keychain - key holder,,,,Autre,,2
,porte-clés 'A mon fils' porte clé / keychain - key holder,,,,Autre,,2
,porte-clés 'Le bonheur' porte clé/ keychain - key holder,,,,Autre,,1
,Carte de fête-voeux humour / greeting cards funny,,,,Autre,,1
,Carte de fête-voeux humour / greeting cards funny,,,,Autre,,1
,Carte de fête-voeux humour / greeting cards funny,,,,Autre,,1
,Porte-clés 'Merci de m'avoir aidé a grandir' porte clé / keychain,,,,Autre,,1
,"Vinyl Decals ""No Airbags We Die Like Real Men"" Safety Warning funny sticker",,,,Autre,,2
,porte-clés 'Sobriety' porte clé/ keychain - key holder,,,,Autre,,2
,porte-clés 'how strong you are' porte clé/ keychain - key holder,,,,Autre,,1
,porte-clés 'Little reminder' porte clé/ keychain - key holder,,,,Autre,,1
,porte-clés 'Drive safe' porte clé/ keychain - key holder,,,,Autre,,2
,porte-clés 'You are awesome' porte clé/ keychain - key holder,,,,Autre,,1
,porte-clés 'to my nephew' porte clé/ keychain - key holder,,,,Autre,,1
,porte-clés 'Easily distracted by rocks' porte clé/ keychain - key holder,,,,Autre,,1
,porte-clés 'punch people at work' porte clé/ keychain - key holder,,,,Autre,,1
,porte-clés 'Drive safe handsome' porte clé/ keychain - key holder,,,,Autre,,1
,porte-clés 'Best farter' porte clé/ keychain - key holder,,,,Autre,,1
,porte-clés 'you are flamazing' porte clé/ keychain - key holder,,,,Autre,,1
,porte-clés 'Thank for being my brother' porte clé/ keychain - key holder,,,,Autre,,1
,porte-clés 'Married the coolest couple' porte clé/ keychain - key holder,,,,Autre,,1
,porte-clés 'You have my heart and ass' porte clé/ keychain - key holder,,,,Autre,,2
,Porte-clés 'Autobus',,,,Autre,,1
,Porte-clés 'Mon endroit préféré',,,,Autre,,2
,Porte-clés 'Formidable collègue',,,,Autre,,1
,Porte-clés 'Beau papa',,,,Autre,,1
,Porte-clés 'I love dad',,,,Autre,,1
,Porte-clés 'Héros papa',,,,Autre,,1
,Porte clés 'Fille séduisante modèle 4',,,,Autre,,1
,Porte-clés 'collègues' modèle 2,,,,Autre,,1
,Porte-clé 'Papa barbu',,,,Autre,,1
,Porte-clés 'Patience tested',,,,Autre,,1
,Porte-clés 'J'espère que tu crois en toi',,,,Autre,,1
,Porte-clés 'Parrain',,,,Autre,,1
,Porte clés 'Fille séduisante modèle 3',,,,Autre,,1
,Porte-clés 'I love you more',,,,Autre,,1
,Porte-clés 'Collègue un jour',,,,Autre,,0
,Porte-clés 'Drive safe' modèle 2,,,,Autre,,1
,Porte-clés 'Unsupervised',,,,Autre,,1
,Porte-clés ' Distracted by sheep',,,,Autre,,1
,Porte-clés 'You're an as*****',,,,Autre,,1
,Porte-clés 'You have my heart',,,,Autre,,1
,Porte-clés 'Thank you for being my sister',,,,Autre,,1
,Porte-clés 'N'oublie jamais tu es courageux',,,,Autre,,2
,POrte-clé 'I f****** love you',,,,Autre,,1
,Porte-clés 'Licking it',,,,Autre,,1
,Porte-clés 'To my daugther',,,,Autre,,1
,Porte-clés 'Punch people at work',,,,Autre,,1
,Porte-clé 'Just one more rock',,,,Autre,,1
,Porte-clés 'Je t'aime plus que tout',,,,Autre,,1
,Porte-clés 'Tu es génial' modèle 2,,,,Autre,,1
,Porte-clés 'La meilleure c'est ma soeur',,,,Autre,,2
,Porte-clés 'Une meilleur amie',,,,Autre,,1
,Porte-clés 'Tu es génial',,,,Autre,,2
,Porte-clés 'Merci de m'avoir aidé a grandir',,,,Autre,,2
,Porte clés 'Crazy cat lady',,,,Autre,,1
,Porte clés 'Fille séduisante modèle 2',,,,Autre,,2
,Porte clés 'A ma marraine',,,,Autre,,1
,Porte clés 'Drive Safe',,,,Autre,,1
,Porte-clés en Acier Inoxydable 'A mon fils',,,,Autre,,1
,Porte-clés Pour Maman,,,,Autre,,1
,Porte-clés pour papa,,,,Autre,,1
,Porte-clés 'Quand je dit je t'aime',,,,Autre,,2
,Porte-clés pour collègues,,,,Autre,,1
,Porte-clé 'A ma fille' Style 2,,,,Autre,,4
,Porte-clés 'A mon fils' style 2,,,,Autre,,4
,Porte-clés 'A ma Fille',,,,Autre,,5
,Porte-clés 'A mon fils' style 1,,,,Autre,,5
,Porte-clés en acier inoxydable,,,,Autre,,2
,Porte-clés 'Meilleure maman',,,,Autre,,1
,Porte-clés 'Fait de ton mieux',,,,Autre,,1
,Porte-clés 'A ma marraine',,,,Autre,,1
,Porte-clés 'Boobs',,,,Autre,,1
,Porte-clés 'Friendship',,,,Autre,,1
,Porte-clés en acier inoxydable 'Aie confiance',,,,Autre,,1
,Porte-clés 'Raler  c'est mon superpouvoir',,,,Autre,,1
,Porte-clés en acier inoxydable 'Le bonheur',,,,Autre,,1
,Porte-clés en acier inoxydable 'J'ai besoin de ton coeur',,,,Autre,,1
,Porte-clés en acier inoxydable 'Tes bras autour de mon cou',,,,Autre,,1
,Porte-clés en acier inoxydable 'je t'aime a la folie',,,,Autre,,1
,Porte-clés pour une amie,,,,Autre,,1
,Porte-stylo  Donald Trump Gag / Trump Pen Holder,,,,Autre,,0
,porte-clés 'Bonjour' porte clé/ keychain - key holder,,,,Autre,,1
,porte-clés 'Tu es génial' porte clé/ keychain - key holder,,,,Autre,,1
,porte-clés 'I'm yours' porte clé/ keychain - key holder,,,,Autre,,1
,porte-clés 'Collègue travail' porte clé/ keychain - key holder,,,,Autre,,1
,porte-clés 'Femme séduisante 2' porte clé/ keychain - key holder,,,,Autre,,1
,porte-clés 'Femme séduisante 3' porte clé/ keychain - key holder,,,,Autre,,1
,porte-clés 'La meilleur c'est ma soeur' porte clé/ keychain - key holder,,,,Autre,,1
,porte-clés 'J'ai la meilleure maman' porte clé/ keychain - key holder,,,,Autre,,1
,Carte de fête-voeux humour / greeting cards funny,,,,Autre,,1
,Carte de fête-voeux humour / greeting cards funny,,,,Autre,,2
,Carte de fête-voeux humour / greeting cards funny,,,,Autre,,1
,Carte de fête-voeux humour / greeting cards funny,,,,Autre,,1
,Carte de fête-voeux humour / greeting cards funny Mme Doubtfire,,,,Autre,,1
,Carte de fête-voeux humour / greeting cards funny,,,,Autre,,1
,Carte de fête-voeux humour / greeting cards funny,,,,Autre,,3
,Carte de fête-voeux humour / greeting cards funny,,,,Autre,,3
,Carte de fête-voeux humour / greeting cards funny,,,,Autre,,3
,Carte de fête-voeux humour / greeting cards funny,,,,Autre,,1
,Carte de noël - voeux humour / Christmas Greeting Card Funny,,,,Autre,,2
,Carte de noël - voeux humour / Christmas Greeting Card Funny,,,,Autre,,1
,porte-clés 'I'm fine' porte clé/ keychain - key holder,,,,Autre,,2
,porte-clés 'Quand je dit je t'aime' porte clé/ keychain - key holder,,,,Autre,,1
,porte-clés 'Je t'aime beaucoup' porte clé/ keychain - key holder,,,,Autre,,1
,porte-clés 'Tu es génial' porte clé/ keychain - key holder,,,,Autre,,1
,porte-clés 'with a body like this' porte clé humour/ keychain - key holder funny,,,,Autre,,1
,Carte de fête-voeux humour Austin Powers / greeting cards funny,,,,Autre,,3
,Carte de fête-voeux humour / greeting cards funny,,,,Autre,,1
,Carte de fête-voeux humour / greeting cards funny,,,,Autre,,0
,Carte de fête-voeux humour / greeting cards funny,,,,Autre,,1
,Carte de fête-voeux humour / greeting cards funny,,,,Autre,,1
,Carte de fête-voeux humour / greeting cards funny,,,,Autre,,1
,Carte de noël - voeux humour / Christmas Greeting Card Funny,,,,Autre,,1
,Carte de noël - voeux humour / Christmas Greeting Card Funny,,,,Autre,,1
,Carte de noël - voeux humour / Christmas Greeting Card Funny,,,,Autre,,1
,Carte de noël - voeux humour / Christmas Greeting Card Funny,,,,Autre,,1
,Autocollant  Inigo Montoya / Inigo Montoya sticker,,,,Autre,,2
,Autocollant Scary movie / Scary Movie sticker 'take my strong hand',,,,Autre,,1
,Autocollant humour / sticker 'will dance for diesel' funny decal,,,,Autre,,1
,Autocollant / sticker 'No farmer no food' decal,,,,Autre,,1
,Autocollant humour / sticker 'Got any grapes?' Duck Song funny decal,,,,Autre,,1
,Autocollant humour garçon urine / sticker boy pee funny decal,,,,Autre,,1
,Porte crayon Justin Trudeau / Justin Trudeau Bobblehead Pencil Holder Gag,,,,Autre,,0
